[
  {
    "id": "5ad1a235-0d9c-410a-b32b-220d91689a08",
    "title": "Inception",
    "year": 2010,
    "director": "Christopher Nolan",
    "duration": 148,
    "poster": "https://m.media-amazon.com/images/I/91Rc8cAmnAL._AC_UF1000,1000_QL80_.jpg",
    "genre": [
      "Action",
      "Adventure",
      "Sci-Fi"
    ],
    "rate": 8.8
  },
  {
    "id": "241bf55d-b649-4109-af7c-0e6890ded3fc",
    "title": "Pulp Fiction",
    "year": 1994,
    "director": "Quentin Tarantino",
    "duration": 154,
    "poster": "https://www.themoviedb.org/t/p/original/vQWk5YBFWF4bZaofAbv0tShwBvQ.jpg",
    "genre": [
      "Crime",
      "Drama"
    ],
    "rate": 8.9
  },
  {
    "id": "9e6106f0-848b-4810-a11a-3d832a5610f9",
    "title": "Forrest Gump",
    "year": 1994,
    "director": "Robert Zemeckis",
    "duration": 142,
    "poster": "https://i.ebayimg.com/images/g/qR8AAOSwkvRZzuMD/s-l1600.jpg",
    "genre": [
      "Drama",
      "Romance"
    ],
    "rate": 8.8
  },
  {
    "id": "7e3fd5ab-60ff-4ae2-92b6-9597f0308d1",
    "title": "Gladiator",
    "year": 2000,
    "director": "Ridley Scott",
    "duration": 155,
    "poster": "https://img.fruugo.com/product/0/60/14417600_max.jpg",
    "genre": [
      "Action",
      "Adventure",
      "Drama"
    ],
    "rate": 8.5
  },
  {
    "id": "c906673b-3948-4402-ac7f-73ac3a9e3105",
    "title": "The Matrix",
    "year": 1999,
    "director": "Lana Wachowski",
    "duration": 136,
    "poster": "https://i.ebayimg.com/images/g/QFQAAOSwAQpfjaA6/s-l1200.jpg",
    "genre": [
      "Action",
      "Sci-Fi"
    ],
    "rate": 8.7
  },
  {
    "id": "b6e03689-cccd-478e-8565-d92f40813b13",
    "title": "Interstellar",
    "year": 2014,
    "director": "Christopher Nolan",
    "duration": 169,
    "poster": "https://m.media-amazon.com/images/I/91obuWzA3XL._AC_UF1000,1000_QL80_.jpg",
    "genre": [
      "Adventure",
      "Drama",
      "Sci-Fi"
    ],
    "rate": 8.6
  },
  {
    "id": "aa391090-b938-42eb-b520-86ea0aa3917b",
    "title": "The Lord of the Rings: The Return of the King",
    "year": 2003,
    "director": "Peter Jackson",
    "duration": 201,
    "poster": "https://i.ebayimg.com/images/g/0hoAAOSwe7peaMLW/s-l1600.jpg",
    "genre": [
      "Action",
      "Adventure",
      "Drama"
    ],
    "rate": 8.9
  },
  {
    "id": "2e6900e2-0b48-4fb6-ad48-09c7086e54fe",
    "title": "The Lion King",
    "year": 1994,
    "director": "Roger Allers, Rob Minkoff",
    "duration": 88,
    "poster": "https://m.media-amazon.com/images/I/81BMmrwSFOL._AC_UF1000,1000_QL80_.jpg",
    "genre": [
      "Animation",
      "Adventure",
      "Drama"
    ],
    "rate": 8.5
  },
  {
    "id": "04986507-b3ed-442c-8ae7-4c5df804f896",
    "title": "The Avengers",
    "year": 2012,
    "director": "Joss Whedon",
    "duration": 143,
    "poster": "https://img.fruugo.com/product/7/41/14532417_max.jpg",
    "genre": [
      "Action",
      "Adventure",
      "Sci-Fi"
    ],
    "rate": 8
  },
  {
    "id": "7d2832f8-c70a-410e-8963-4c93bf36cc9c",
    "title": "Jurassic Park",
    "year": 1993,
    "director": "Steven Spielberg",
    "duration": 127,
    "poster": "https://vice-press.com/cdn/shop/products/Jurassic-Park-Editions-poster-florey.jpg?v=1654518755&width=1024",
    "genre": [
      "Adventure",
      "Sci-Fi"
    ],
    "rate": 8.1
  },
  {
    "id": "ccf36f2e-8566-47f7-912d-9f4647250bc7",
    "title": "Titanic",
    "year": 1997,
    "director": "James Cameron",
    "duration": 195,
    "poster": "https://i.pinimg.com/originals/42/42/65/4242658e6f1b0d6322a4a93e0383108b.png",
    "genre": [
      "Drama",
      "Romance"
    ],
    "rate": 7.8
  },
  {
    "id": "8fb17ae1-bdfe-45e5-a871-4772d7e526b8",
    "title": "The Social Network",
    "year": 2010,
    "director": "David Fincher",
    "duration": 120,
    "poster": "https://i.pinimg.com/originals/7e/37/b9/7e37b994b613e94cba64f307b1983e39.jpg",
    "genre": [
      "Biography",
      "Drama"
    ],
    "rate": 7.7
  },
  {
    "id": "6a360a18-c645-4b47-9a7b-2a71babbf3e0",
    "title": "Avatar",
    "year": 2009,
    "director": "James Cameron",
    "duration": 162,
    "poster": "https://i.etsystatic.com/35681979/r/il/dfe3ba/3957859451/il_fullxfull.3957859451_h27r.jpg",
    "genre": [
      "Action",
      "Adventure",
      "Fantasy"
    ],
    "rate": 7.8
  },
  {
    "id": "39b38fa7-d052-4e18-9608-4fe5c9a9672f",
    "title": "The Matrix",
    "director": "Lana Wachowski, Lilly Wachowski",
    "year": 1999,
    "duration": 136,
    "genre": [
      "Action",
      "Sci-Fi",
      "Adventure"
    ],
    "poster": "https://i.ebayimg.com/images/g/4goAAOSwMyBe7hnQ/s-l1200.webp",
    "rate": 5
  },
  {
    "id": "e2a41b7b-58f4-4e6d-9e94-7e61d9117d11",
    "title": "The Dark Knight",
    "year": 2008,
    "director": "Christopher Nolan",
    "duration": 152,
    "poster": "https://image.tmdb.org/t/p/w600_and_h900_bestv2/xQPgyZOBhaz1GdCQIPf5A5VeFzO.jpg",
    "genre": [
      "Action",
      "Crime",
      "Drama"
    ],
    "rate": 9.0
  },
  {
    "id": "5fbd81a2-4ef8-46ab-8dc4-9cf1c2ce6543",
    "title": "Fight Club",
    "year": 1999,
    "director": "David Fincher",
    "duration": 139,
    "poster": "https://upload.wikimedia.org/wikipedia/en/f/fc/Fight_Club_poster.jpg",
    "genre": [
      "Drama"
    ],
    "rate": 8.8
  },
  {
    "id": "1c7e79e4-01cc-4f04-9f2d-7f4e7e9e42a0",
    "title": "The Shawshank Redemption",
    "year": 1994,
    "director": "Frank Darabont",
    "duration": 142,
    "poster": "https://upload.wikimedia.org/wikipedia/en/8/81/ShawshankRedemptionMoviePoster.jpg",
    "genre": [
      "Drama"
    ],
    "rate": 9.3
  },
  {
    "id": "57ab70f6-4c5e-4901-aac3-d9d33c14f345",
    "title": "The Godfather",
    "year": 1972,
    "director": "Francis Ford Coppola",
    "duration": 175,
    "poster": "https://upload.wikimedia.org/wikipedia/en/1/1c/Godfather_ver1.jpg",
    "genre": [
      "Crime",
      "Drama"
    ],
    "rate": 9.2
  },
  {
    "id": "f0a91f34-f239-40b9-aeb2-f64f83b452b1",
    "title": "Spider-Man: No Way Home",
    "year": 2021,
    "director": "Jon Watts",
    "duration": 148,
    "poster": "https://upload.wikimedia.org/wikipedia/en/0/00/Spider-Man_No_Way_Home_poster.jpg",
    "genre": [
      "Action",
      "Adventure",
      "Sci-Fi"
    ],
    "rate": 8.2
  },
  {
    "id": "c1330b64-73ff-4684-8f8a-2cbd15390ac4",
    "title": "Oppenheimer",
    "year": 2023,
    "director": "Christopher Nolan",
    "duration": 180,
    "poster": "https://image.tmdb.org/t/p/w600_and_h900_bestv2/8Gxv8gSFCU0XGDykEGv7zR1n2ua.jpg",
    "genre": [
      "Biography",
      "Drama",
      "History"
    ],
    "rate": 8.6
  },
  {
    "id": "1f6e513b-dbc4-4de3-a3aa-2bc66e0a1c54",
    "title": "The Wolf of Wall Street",
    "year": 2013,
    "director": "Martin Scorsese",
    "duration": 180,
    "poster": "https://image.tmdb.org/t/p/w600_and_h900_bestv2/kW9LmvYHAaS9iA0tHmZVq8hQYoq.jpg",
    "genre": [
      "Biography",
      "Comedy",
      "Crime"
    ],
    "rate": 8.2
  },
  {
    "id": "9b328a36-78a3-4d19-84d9-46a3b2f0bca5",
    "title": "The Batman",
    "year": 2022,
    "director": "Matt Reeves",
    "duration": 176,
    "poster": "https://image.tmdb.org/t/p/w600_and_h900_bestv2/74xTEgt7R36Fpooo50r9T25onhq.jpg",
    "genre": [
      "Action",
      "Crime",
      "Drama"
    ],
    "rate": 7.8
  },
  {
    "id": "00e7df70-b9ed-4d24-a3a1-bf761d351542",
    "title": "Dune: Part One",
    "year": 2021,
    "director": "Denis Villeneuve",
    "duration": 155,
    "poster": "https://image.tmdb.org/t/p/w600_and_h900_bestv2/d5NXSklXo0qyIYkgV94XAgMIckC.jpg",
    "genre": [
      "Adventure",
      "Drama",
      "Sci-Fi"
    ],
    "rate": 8.0
  },
  {
    "id": "72aafad2-fb7e-4930-9377-37c3d9d91b7d",
    "title": "Barbie",
    "year": 2023,
    "director": "Greta Gerwig",
    "duration": 114,
    "poster": "https://image.tmdb.org/t/p/w600_and_h900_bestv2/iuFNMS8U5cb6xfzi51Dbkovj7vM.jpg",
    "genre": [
      "Adventure",
      "Comedy",
      "Fantasy"
    ],
    "rate": 7.0
  }
]